Workbook

Sheet g1
B1: pt | C1: rb | D1: ast | E1: blk | F1: stl | G1: fgm | H1: fga | I1: 3m | J1: 3a | K1: ftm | L1: fta | M1: rbo | N1: fl | O1: to | P1: +-
A2: G1
A3: NO | B3: pt | C3: rb | D3: ast | E3: blk | F3: stl | G3: fgm | H3: fga | I3: 3m | J3: 3a | K3: ftm | L3: fta | M3: rbo | N3: fl | O3: to | P3: +-
A4: Lonzo Ball | B4: =G4*2+I4+K4 -> 9 | C4: 1 | D4: 2 | E4: 1 | F4: 1 | G4: 3 | H4: 10 | I4: 3 | J4: 6 | K4: 0 | L4: 0 | M4: 0 | N4: 6 | O4: 1 | P4: 5
A5: N.A.Walker | B5: =G5*2+I5+K5 -> 40 | C5: 9 | D5: 8 | E5: 0 | F5: 2 | G5: 13 | H5: 24 | I5: 6 | J5: 14 | K5: 8 | L5: 9 | M5: 2 | N5: 2 | O5: 2 | P5: -4
A6: B.Ingram | B6: =G6*2+I6+K6 -> 18 | C6: 5 | D6: 10 | E6: 2 | F6: 0 | G6: 7 | H6: 16 | I6: 1 | J6: 3 | K6: 3 | L6: 4 | M6: 1 | N6: 2 | O6: 2 | P6: -11
A7: Z.Williamson | B7: =G7*2+I7+K7 -> 11 | C7: 6 | D7: 1 | E7: 3 | F7: 1 | G7: 5 | H7: 8 | I7: 1 | J7: 2 | K7: 0 | L7: 1 | M7: 1 | N7: 6 | O7: 1 | P7: 3
A8: A.Drummond | B8: =G8*2+I8+K8 -> 19 | C8: 22 | D8: 2 | E8: 0 | F8: 1 | G8: 9 | H8: 12 | I8: 0 | J8: 0 | K8: 1 | L8: 2 | M8: 11 | N8: 1 | O8: 0 | P8: -3
A9: J.Holiday | B9: =G9*2+I9+K9 -> 15 | C9: 4 | D9: 4 | E9: 0 | F9: 1 | G9: 7 | H9: 15 | I9: 1 | J9: 3 | K9: 0 | L9: 0 | M9: 0 | N9: 2 | O9: 2 | P9: 1
A10: S.Mcdaniels | B10: =G10*2+I10+K10 -> 6 | C10: 2 | D10: 2 | E10: 0 | F10: 0 | G10: 2 | H10: 7 | I10: 1 | J10: 1 | K10: 1 | L10: 2 | M10: 0 | N10: 1 | O10: 4 | P10: -14
A11: J.Hart | B11: =G11*2+I11+K11 -> 6 | C11: 0 | D11: 0 | E11: 1 | F11: 2 | G11: 3 | H11: 8 | I11: 0 | J11: 2 | K11: 0 | L11: 0 | M11: 0 | N11: 0 | O11: 2 | P11: -7
A12: D.Gallinari | B12: =G12*2+I12+K12 -> 4 | C12: 2 | D12: 1 | E12: 1 | F12: 3 | G12: 1 | H12: 3 | I12: 1 | J12: 2 | K12: 1 | L12: 1 | M12: 0 | N12: 1 | O12: 0 | P12: 2
A13: CLE | B13: pt | C13: rb | D13: ast | E13: blk | F13: stl | G13: fgm | H13: fga | I13: 3m | J13: 3a | K13: ftm | L13: fta | M13: rbo | N13: fl | O13: to | P13: +-
A14: S.G.Alexander | B14: =G14*2+I14+K14 -> 53 | C14: 2 | D14: 4 | E14: 2 | F14: 1 | G14: 17 | H14: 24 | I14: 1 | J14: 1 | K14: 18 | L14: 18 | M14: 0 | N14: 5 | O14: 2 | P14: 13
A15: D.Mitchell | B15: =G15*2+I15+K15 -> 34 | C15: 4 | D15: 6 | E15: 1 | F15: 1 | G15: 12 | H15: 21 | I15: 0 | J15: 1 | K15: 10 | L15: 10 | M15: 0 | N15: 5 | O15: 2 | P15: 9
A16: D.Booker | B16: =G16*2+I16+K16 -> 12 | C16: 8 | D16: 10 | E16: 0 | F16: 1 | G16: 4 | H16: 15 | I16: 4 | J16: 8 | K16: 0 | L16: 0 | M16: 0 | N16: 4 | O16: 0 | P16: 18
A17: M.Robinson | B17: =G17*2+I17+K17 -> 8 | C17: 8 | D17: 8 | E17: 4 | F17: 0 | G17: 2 | H17: 8 | I17: 0 | J17: 0 | K17: 4 | L17: 5 | M17: 3 | N17: 1 | O17: 1 | P17: 10
A18: W.Chamberlain | B18: =G18*2+I18+K18 -> 6 | C18: 11 | D18: 3 | E18: 2 | F18: 2 | G18: 3 | H18: 3 | I18: 0 | J18: 0 | K18: 0 | L18: 1 | M18: 2 | N18: 4 | O18: 1 | P18: 20
A19: J.Brown | B19: =G19*2+I19+K19 -> 15 | C19: 6 | D19: 2 | E19: 0 | F19: 1 | G19: 6 | H19: 10 | I19: 0 | J19: 2 | K19: 3 | L19: 3 | M19: 0 | N19: 2 | O19: 1 | P19: -4
A20: T.Rozier III | B20: =G20*2+I20+K20 -> 5 | C20: 1 | D20: 2 | E20: 1 | F20: 0 | G20: 2 | H20: 2 | I20: 0 | J20: 0 | K20: 1 | L20: 2 | M20: 0 | N20: 1 | O20: 2 | P20: -11
A21: M.Wagner | B21: =G21*2+I21+K21 -> 4 | C21: 3 | D21: 1 | E21: 3 | F21: 0 | G21: 2 | H21: 2 | I21: 0 | J21: 1 | K21: 0 | L21: 0 | M21: 0 | N21: 0 | O21: 0 | P21: 2
A22: E.Schmidt | B22: =G22*2+I22+K22 -> 2 | C22: 1 | D22: 3 | E22: 0 | F22: 0 | G22: 1 | H22: 2 | I22: 0 | J22: 0 | K22: 0 | L22: 0 | M22: 0 | N22: 0 | O22: 3 | P22: 8
A23: Total
A24: NO | B24: =G24*2+I24+K24 -> 128 | C24: =SUM(C4:C12) -> 51 | D24: =SUM(D4:D12) -> 30 | E24: =SUM(E4:E12) -> 8 | F24: =SUM(F4:F12) -> 11 | G24: =SUM(G4:G12) -> 50 | H24: =SUM(H4:H12) -> 103 | I24: =SUM(I4:I12) -> 14 | J24: =SUM(J4:J12) -> 33 | ... O24: =SUM(O4:O12) -> 14
A25: CLE | B25: =G25*2+I25+K25 -> 139 | C25: =SUM(C14:C22) -> 44 | D25: =SUM(D14:D22) -> 39 | E25: =SUM(E14:E22) -> 13 | F25: =SUM(F14:F22) -> 6 | G25: =SUM(G14:G22) -> 49 | H25: =SUM(H14:H22) -> 87 | I25: =SUM(I14:I22) -> 5 | J25: =SUM(J14:J22) -> 13 | ... O25: =SUM(O14:O22) -> 12
A29: G2
A30: NO | B30: pt | C30: rb | D30: ast | E30: blk | F30: stl | G30: fgm | H30: fga | I30: 3m | J30: 3a | K30: ftm | L30: fta | M30: rbo | N30: fl | O30: to | P30: +-
A31: Lonzo Ball | B31: =G31*2+I31+K31 -> 24 | C31: 6 | D31: 3 | E31: 4 | F31: 0 | G31: 11 | H31: 16 | I31: 2 | J31: 6 | K31: 0 | L31: 2 | M31: 0 | N31: 6 | O31: 1 | P31: 16
A32: N.A.Walker | B32: =G32*2+I32+K32 -> 27 | C32: 5 | D32: 7 | E32: 2 | F32: 0 | G32: 11 | H32: 20 | I32: 3 | J32: 6 | K32: 2 | L32: 2 | M32: 1 | N32: 6 | O32: 0 | P32: -3
A33: B.Ingram | B33: =G33*2+I33+K33 -> 21 | C33: 8 | D33: 17 | E33: 1 | F33: 1 | G33: 8 | H33: 15 | I33: 1 | J33: 2 | K33: 4 | L33: 8 | M33: 2 | N33: 2 | O33: 4 | P33: -4
A34: Z.Williamson | B34: =G34*2+I34+K34 -> 14 | C34: 13 | D34: 3 | E34: 2 | F34: 1 | G34: 7 | H34: 13 | I34: 0 | J34: 0 | K34: 0 | L34: 2 | M34: 6 | N34: 6 | O34: 1 | P34: 3
A35: A.Drummond | B35: =G35*2+I35+K35 -> 29 | C35: 21 | D35: 7 | E35: 2 | F35: 3 | G35: 13 | H35: 23 | I35: 0 | J35: 0 | K35: 3 | L35: 4 | M35: =9 -> 9 | N35: 3 | O35: 1 | P35: -10
A36: J.Holiday | B36: =G36*2+I36+K36 -> 24 | C36: 3 | D36: 6 | E36: 2 | F36: 4 | G36: 9 | H36: 26 | I36: 1 | J36: 11 | K36: 5 | L36: 6 | M36: 1 | N36: 2 | O36: 3 | P36: -9
A37: S.Mcdaniels | B37: =G37*2+I37+K37 -> 26 | C37: 1 | D37: 6 | E37: 0 | F37: 5 | G37: 10 | H37: 19 | I37: 2 | J37: 5 | K37: 4 | L37: 6 | M37: 1 | N37: 6 | O37: 5 | P37: -10
A38: J.Hart | B38: =G38*2+I38+K38 -> 18 | C38: 2 | D38: 2 | E38: 0 | F38: 1 | G38: 6 | H38: 11 | I38: 2 | J38: 5 | K38: 4 | L38: 4 | M38: 1 | N38: 4 | O38: 1 | P38: 0
A39: D.Gallinari | B39: =G39*2+I39+K39 -> 3 | C39: 1 | D39: 0 | E39: 0 | F39: 1 | G39: 1 | H39: 2 | I39: 1 | J39: 2 | K39: 0 | L39: 0 | M39: 0 | N39: 2 | O39: 1 | P39: -10
A40: CLE | B40: pt | C40: rb | D40: ast | E40: blk | F40: stl | G40: fgm | H40: fga | I40: 3m | J40: 3a | K40: ftm | L40: fta | M40: rbo | N40: fl | O40: to | P40: +-
A41: S.G.Alexander | B41: =G41*2+I41+K41 -> 76 | C41: 5 | D41: 5 | E41: 3 | F41: 7 | G41: 24 | H41: 40 | I41: 0 | J41: 0 | K41: 28 | L41: 28 | M41: 1 | N41: 5 | O41: 4 | P41: 20
A42: D.Mitchell | B42: =G42*2+I42+K42 -> 29 | C42: 5 | D42: 13 | E42: 3 | F42: 2 | G42: 10 | H42: 30 | I42: 1 | J42: 2 | K42: 8 | L42: 11 | M42: 1 | N42: 6 | O42: 4 | P42: 12
A43: D.Booker | B43: =G43*2+I43+K43 -> 11 | C43: 13 | D43: 7 | E43: 3 | F43: 1 | G43: 4 | H43: 9 | I43: 1 | J43: 3 | K43: 2 | L43: 3 | M43: 0 | N43: 6 | O43: 0 | P43: 0
A44: M.Robinson | B44: =G44*2+I44+K44 -> 25 | C44: 16 | D44: 8 | E44: 5 | F44: 1 | G44: 10 | H44: 12 | I44: 0 | J44: 0 | K44: 5 | L44: 6 | M44: 8 | N44: 1 | O44: 4 | P44: 7
A45: W.Chamberlain | B45: =G45*2+I45+K45 -> 19 | C45: 9 | D45: 1 | E45: 6 | F45: 0 | G45: 9 | H45: 12 | I45: 0 | J45: 0 | K45: 1 | L45: 4 | M45: 5 | N45: 4 | O45: 5 | P45: -1
A46: J.Brown | B46: =G46*2+I46+K46 -> 9 | C46: 6 | D46: 4 | E46: 3 | F46: 0 | G46: 4 | H46: 13 | I46: 1 | J46: 4 | K46: 0 | L46: 0 | M46: 1 | N46: 4 | O46: 0 | P46: -17
A47: T.Rozier III | B47: =G47*2+I47+K47 -> 11 | C47: 6 | D47: 2 | E47: 0 | F47: 0 | G47: 4 | H47: 10 | I47: 0 | J47: 0 | K47: 3 | L47: 3 | M47: 1 | N47: 4 | O47: 1 | P47: -6
A48: M.Wagner | B48: =G48*2+I48+K48 -> 4 | C48: 3 | D48: 1 | E48: 1 | F48: 0 | G48: 1 | H48: 1 | I48: 0 | J48: 0 | K48: 2 | L48: 3 | M48: 0 | N48: 1 | O48: 0 | P48: 5
A49: E.Schmidt | B49: =G49*2+I49+K49 -> 9 | C49: 0 | D49: 1 | E49: 0 | F49: 1 | G49: 3 | H49: 3 | I49: 0 | J49: 0 | K49: 3 | L49: 3 | M49: 0 | N49: 1 | O49: 0 | P49: 1
A51: NO | B51: =G51*2+I51+K51 -> 193 | C51: 65 | D51: 53 | E51: 13 | F51: 17 | G51: 79 | H51: 153 | I51: =SUM(I31:I39) -> 12 | J51: 36 | K51: 23 | L51: 36 | M51: 23 | N51: 38 | O51: =SUM(O31:O39) -> 17
A52: CLE | B52: =G52*2+I52+K52 -> 197 | C52: 68 | D52: 46 | E52: 25 | F52: =SUM(F41:F49) -> 12 | G52: 71 | H52: 134 | I52: 3 | J52: 9 | K52: 52 | L52: 61 | M52: 19 | N52: 32 | O52: 23
A56: G3
A57: NO | B57: pt | C57: rb | D57: ast | E57: blk | F57: stl | G57: fgm | H57: fga | I57: 3m | J57: 3a | K57: ftm | L57: fta | M57: rbo | N57: fl | O57: to | P57: +-
A58: Lonzo Ball | B58: =G58*2+I58+K58 -> 22 | C58: 10 | D58: 15 | E58: 5 | F58: 3 | G58: 8 | H58: 25 | I58: 1 | J58: 7 | K58: 5 | L58: 10 | M58: 1 | N58: 6 | O58: 6 | P58: 1
A59: N.A.Walker | B59: =G59*2+I59+K59 -> 34 | C59: 4 | D59: 6 | E59: 5 | F59: 1 | G59: 14 | H59: 21 | I59: 5 | J59: 9 | K59: 1 | L59: 2 | M59: 1 | N59: 6 | O59: 0 | P59: 3
A60: B.Ingram | B60: =G60*2+I60+K60 -> 38 | C60: 6 | D60: 9 | E60: 0 | F60: 4 | G60: 14 | H60: 26 | I60: 1 | J60: 4 | K60: 9 | L60: 10 | M60: 2 | N60: 6 | O60: 2 | P60: 3
A61: Z.Williamson | B61: =G61*2+I61+K61 -> 17 | C61: 14 | D61: 3 | E61: 2 | F61: 4 | G61: 8 | H61: 19 | I61: 0 | J61: 1 | K61: 1 | L61: 1 | M61: 2 | N61: 3 | O61: 0 | P61: 7
A62: A.Drummond | B62: =G62*2+I62+K62 -> 30 | C62: 26 | D62: 3 | E62: 1 | F62: 4 | G62: 15 | H62: 17 | I62: 0 | J62: 0 | K62: 0 | L62: 0 | M62: 14 | N62: 5 | O62: 0 | P62: 12
A63: J.Holiday | B63: =G63*2+I63+K63 -> 27 | C63: 3 | D63: 4 | E63: 0 | F63: 1 | G63: 11 | H63: 23 | I63: 1 | J63: 7 | K63: 4 | L63: 4 | M63: 1 | N63: 2 | O63: 2 | P63: 11
A64: S.Mcdaniels | B64: =G64*2+I64+K64 -> 9 | C64: 2 | D64: 4 | E64: 0 | F64: 0 | G64: 4 | H64: 8 | I64: 1 | J64: 2 | K64: 0 | L64: 0 | M64: 0 | N64: 1 | O64: 2 | P64: 10
A65: J.Hart | B65: =G65*2+I65+K65 -> 4 | C65: 3 | D65: 2 | E65: 1 | F65: 0 | G65: 2 | H65: 5 | I65: 0 | J65: 0 | K65: 0 | L65: 0 | M65: 0 | N65: 0 | O65: 0 | P65: -2
A66: D.Gallinari | B66: =G66*2+I66+K66 -> 8 | C66: 3 | D66: 1 | E66: 2 | F66: 0 | G66: 3 | H66: 6 | I66: 2 | J66: 2 | K66: 0 | L66: 0 | M66: 1 | N66: 2 | O66: 0 | P66: -5
A67: CLE | B67: pt | C67: rb | D67: ast | E67: blk | F67: stl | G67: fgm | H67: fga | I67: 3m | J67: 3a | K67: ftm | L67: fta | M67: rbo | N67: fl | O67: to | P67: +-
A68: S.G.Alexander | B68: =G68*2+I68+K68 -> 29 | C68: 9 | D68: 9 | E68: 4 | F68: 3 | G68: 8 | H68: 18 | I68: 0 | J68: 1 | K68: 13 | L68: 15 | M68: 2 | N68: 6 | O68: 5 | P68: 10
A69: D.Mitchell | B69: =G69*2+I69+K69 -> 42 | C69: 3 | D69: 1 | E69: 1 | F69: 2 | G69: 17 | H69: 39 | I69: 0 | J69: 0 | K69: 8 | L69: 9 | M69: 0 | N69: 4 | O69: 1 | P69: -7
A70: D.Booker | B70: =G70*2+I70+K70 -> 55 | C70: 6 | D70: 4 | E70: 3 | F70: 2 | G70: 19 | H70: 26 | I70: 7 | J70: 11 | K70: 10 | L70: 11 | M70: 0 | N70: 3 | O70: 1 | P70: -11
A71: M.Robinson | B71: =G71*2+I71+K71 -> 15 | C71: 13 | D71: 3 | E71: 5 | F71: 1 | G71: 5 | H71: 14 | I71: 0 | J71: 0 | K71: 5 | L71: 6 | M71: 5 | N71: 5 | O71: 2 | P71: -19
A72: W.Chamberlain | B72: =G72*2+I72+K72 -> 8 | C72: 16 | D72: 3 | E72: 3 | F72: 0 | G72: 4 | H72: 7 | I72: 0 | J72: 0 | K72: 0 | L72: 1 | M72: 4 | N72: 1 | O72: 5 | P72: -7
A73: J.Brown | B73: =G73*2+I73+K73 -> 6 | C73: 5 | D73: 4 | E73: 0 | F73: 0 | G73: 3 | H73: 9 | I73: 0 | J73: 1 | K73: 0 | L73: 0 | M73: 0 | N73: 3 | O73: 1 | P73: -4
A74: T.Rozier III | B74: =G74*2+I74+K74 -> 7 | C74: 1 | D74: 1 | E74: 1 | F74: 1 | G74: 3 | H74: 8 | I74: 0 | J74: 0 | K74: 1 | L74: 2 | M74: 0 | N74: 4 | O74: 0 | P74: -15
A75: M.Wagner | B75: =G75*2+I75+K75 -> 5 | C75: 5 | D75: 1 | E75: 1 | F75: 0 | G75: 2 | H75: 2 | I75: 0 | J75: 0 | K75: 1 | L75: 1 | M75: 1 | N75: 0 | O75: 0 | P75: 5
A76: E.Schmidt | B76: =G76*2+I76+K76 -> 11 | C76: 1 | D76: 3 | E76: 0 | F76: 1 | G76: 3 | H76: 5 | I76: 0 | J76: 0 | K76: 5 | L76: 5 | M76: 0 | N76: 2 | O76: 1 | P76: -6
A78: NO | B78: =G78*2+I78+K78 -> 191 | C78: 76 | D78: 48 | E78: 17 | F78: 17 | G78: 79 | H78: 151 | I78: 11 | J78: 32 | K78: 22 | L78: 29 | M78: 22 | N78: 31 | O78: 14
A79: CLE | B79: =G79*2+I79+K79 -> 181 | C79: 60 | D79: 29 | E79: 19 | F79: =SUM(F68:F76) -> 10 | G79: 65 | H79: 133 | I79: 8 | J79: 14 | K79: 43 | L79: 50 | M79: 13 | N79: 28 | O79: 18
A83: G4
A84: NO | B84: pt | C84: rb | D84: ast | E84: blk | F84: stl | G84: fgm | H84: fga | I84: 3m | J84: 3a | K84: ftm | L84: fta | M84: rbo | N84: fl | O84: to | P84: +-
A85: Lonzo Ball | B85: =G85*2+I85+K85 -> 32 | C85: 2 | D85: 12 | E85: 4 | F85: 3 | G85: 13 | H85: 26 | I85: 3 | J85: 6 | K85: 3 | L85: 6 | M85: 1 | N85: 5 | O85: 4 | P85: 12
A86: N.A.Walker | B86: =G86*2+I86+K86 -> 40 | C86: 7 | D86: 4 | E86: 1 | F86: 4 | G86: 16 | H86: 25 | I86: 3 | J86: 9 | K86: 5 | L86: 5 | M86: 2 | N86: 1 | O86: 2 | P86: 20
A87: B.Ingram | B87: =G87*2+I87+K87 -> 21 | C87: 3 | D87: 5 | E87: 1 | F87: 1 | G87: 9 | H87: 15 | I87: 0 | J87: 1 | K87: 3 | L87: 6 | M87: 1 | N87: 3 | O87: 2 | P87: 9
A88: Z.Williamson | B88: =G88*2+I88+K88 -> 18 | C88: 9 | D88: 1 | E88: 1 | F88: 1 | G88: 8 | H88: 11 | I88: 0 | J88: 0 | K88: 2 | L88: 2 | M88: 1 | N88: 3 | O88: 0 | P88: 21
A89: A.Drummond | B89: =G89*2+I89+K89 -> 22 | C89: 16 | D89: 0 | E89: 0 | F89: 1 | G89: 10 | H89: 14 | I89: 0 | J89: 0 | K89: 2 | L89: 4 | M89: 6 | N89: 0 | O89: 0 | P89: 14
A90: J.Holiday | B90: =G90*2+I90+K90 -> 23 | C90: 4 | D90: 5 | E90: 0 | F90: 3 | G90: 9 | H90: 13 | I90: 3 | J90: 4 | K90: 2 | L90: 2 | M90: 2 | N90: 3 | O90: 2 | P90: 2
A91: S.Mcdaniels | B91: =G91*2+I91+K91 -> 0 | C91: 2 | D91: 3 | E91: 0 | F91: 0 | G91: 0 | H91: 3 | I91: 0 | J91: 1 | K91: 0 | L91: 0 | M91: 0 | N91: 1 | O91: 0 | P91: -7
A92: J.Hart | B92: =G92*2+I92+K92 -> 0 | C92: 1 | D92: 0 | E92: 0 | F92: 0 | G92: 0 | H92: 2 | I92: 0 | J92: 1 | K92: 0 | L92: 0 | M92: 1 | N92: 1 | O92: 0 | P92: -7
A93: D.Gallinari | B93: =G93*2+I93+K93 -> 0 | C93: 2 | D93: 1 | E93: 0 | F93: 0 | G93: 0 | H93: 5 | I93: 0 | J93: 4 | K93: 0 | L93: 0 | M93: 1 | N93: 1 | O93: 0 | P93: -5
A94: CLE | B94: pt | C94: rb | D94: ast | E94: blk | F94: stl | G94: fgm | H94: fga | I94: 3m | J94: 3a | K94: ftm | L94: fta | M94: rbo | N94: fl | O94: to | P94: +-
A95: S.G.Alexander | B95: =G95*2+I95+K95 -> 47 | C95: 1 | D95: 1 | E95: 0 | F95: 1 | G95: 20 | H95: 29 | I95: 0 | J95: 0 | K95: 7 | L95: 8 | M95: 1 | N95: 5 | O95: 4 | P95: -13
A96: D.Mitchell | B96: =G96*2+I96+K96 -> 29 | C96: 4 | D96: 10 | E96: 1 | F96: 1 | G96: 10 | H96: 23 | I96: 3 | J96: 5 | K96: 6 | L96: 7 | M96: 0 | N96: 4 | O96: 2 | P96: -17
A97: D.Booker | B97: =G97*2+I97+K97 -> 19 | C97: 5 | D97: 3 | E97: 1 | F97: 0 | G97: 7 | H97: 11 | I97: 4 | J97: 8 | K97: 1 | L97: 1 | M97: 1 | N97: 5 | O97: 4 | P97: -10
A98: M.Robinson | B98: =G98*2+I98+K98 -> 17 | C98: 12 | D98: 6 | E98: 2 | F98: 0 | G98: 5 | H98: 10 | I98: 0 | J98: 0 | K98: 7 | L98: 7 | M98: 3 | N98: 2 | O98: 2 | P98: -1
A99: W.Chamberlain | B99: =G99*2+I99+K99 -> 2 | C99: 8 | D99: 5 | E99: 5 | F99: 2 | G99: 1 | H99: 2 | I99: 0 | J99: 0 | K99: 0 | L99: 0 | M99: 2 | N99: 2 | O99: 5 | P99: -15
A100: J.Brown | B100: =G100*2+I100+K100 -> 7 | C100: 3 | D100: 7 | E100: 4 | F100: 0 | G100: 2 | H100: 7 | I100: 0 | J100: 3 | K100: 3 | L100: 4 | M100: 0 | N100: 1 | O100: 2 | P100: -2
A101: T.Rozier III | B101: =G101*2+I101+K101 -> 14 | C101: 2 | D101: 3 | E101: 0 | F101: 1 | G101: 5 | H101: 7 | I101: 0 | J101: 0 | K101: 4 | L101: 5 | M101: 0 | N101: 3 | O101: 2 | P101: -3
A102: M.Wagner | B102: =G102*2+I102+K102 -> 12 | C102: 2 | D102: 1 | E102: 0 | F102: 0 | G102: 3 | H102: 5 | I102: 1 | J102: 1 | K102: 5 | L102: 5 | M102: 0 | N102: 1 | O102: 0 | P102: -11
A103: E.Schmidt | B103: =G103*2+I103+K103 -> 2 | C103: 0 | D103: 6 | E103: 0 | F103: 0 | G103: 1 | H103: 1 | I103: 0 | J103: 0 | K103: 0 | L103: 0 | M103: 0 | N103: 0 | O103: 0 | P103: 10
A105: NO | B105: =G105*2+I105+K105 -> 158 | C105: =SUM(C85:C93) -> 46 | D105: =SUM(D85:D93) -> 31 | E105: =SUM(E85:E93) -> 7 | F105: =SUM(F85:F93) -> 13 | G105: 66 | H105: 114 | I105: =SUM(I85:I93) -> 9 | J105: =SUM(J85:J93) -> 26 | K105: =SUM(K85:K93) -> 17 | L105: =SUM(L85:L93) -> 25 | M105: =SUM(M85:M93) -> 15 | N105: =SUM(N85:N93) -> 18 | O105: =SUM(O85:O93) -> 10
A106: CLE | B106: =G106*2+I106+K106 -> 149 | C106: =SUM(C95:C103) -> 37 | D106: =SUM(D95:D103) -> 42 | E106: =SUM(E95:E103) -> 13 | F106: =SUM(F95:F103) -> 5 | G106: =SUM(G95:G103) -> 54 | H106: 98 | I106: =SUM(I95:I103) -> 8 | J106: =SUM(J95:J103) -> 17 | K106: =SUM(K95:K103) -> 33 | L106: =SUM(L95:L103) -> 37 | M106: =SUM(M95:M103) -> 7 | N106: =SUM(N95:N103) -> 23 | O106: =SUM(O95:O103) -> 21
A110: G5
A111: NO | B111: pt | C111: rb | D111: ast | E111: blk | F111: stl | G111: fgm | H111: fga | I111: 3m | J111: 3a | K111: ftm | L111: fta | M111: rbo | N111: fl | O111: to | P111: +-
A112: Lonzo Ball | B112: =G112*2+I112+K112 -> 21 | C112: 4 | D112: 9 | E112: 2 | F112: 0 | G112: 8 | H112: 12 | I112: 2 | J112: 4 | K112: 3 | L112: 5 | M112: 1 | N112: 6 | O112: 0 | P112: 16
A113: N.A.Walker | B113: =G113*2+I113+K113 -> 24 | C113: 5 | D113: 5 | E113: 2 | F113: 0 | G113: 10 | H113: 18 | I113: 3 | J113: 7 | K113: 1 | L113: 1 | M113: 1 | N113: 1 | O113: 1 | P113: 17
A114: B.Ingram | B114: =G114*2+I114+K114 -> 14 | C114: 8 | D114: 10 | E114: 3 | F114: 1 | G114: 7 | H114: 12 | I114: 0 | J114: 1 | K114: 0 | L114: 0 | M114: 1 | N114: 1 | O114: 3 | P114: 21
A115: Z.Williamson | B115: =G115*2+I115+K115 -> 5 | C115: 5 | D115: 5 | E115: 0 | F115: 3 | G115: 1 | H115: 5 | I115: 1 | J115: 2 | K115: 2 | L115: 4 | M115: 3 | N115: 0 | O115: 0 | P115: 30
...

Sheet Sheet2
A1: S.G.Alexander | U1: ---
A2: game | B2: 得分 | C2: 篮板 | D2: 助攻 | E2: 盖帽 | F2: 抢断 | G2: FGM | H2: FGA | I2: FG% | J2: 3PTM | K2: 3PTA | L2: 3PT% | M2: FTM | N2: FTA | O2: FT% | P2: 进攻篮板 | Q2: 犯规 | R2: 失误 | S2: 正负值/分差 | U2: ---
A3: ='g1'!A14 -> S.G.Alexander | B3: ='g1'!B14 -> 53 | C3: ='g1'!C14 -> 2 | D3: ='g1'!D14 -> 4 | E3: ='g1'!E14 -> 2 | F3: ='g1'!F14 -> 1 | G3: ='g1'!G14 -> 17 | H3: ='g1'!H14 -> 24 | I3: =IF(H3,G3/H3*100,U1) -> 70.833333 | J3: ='g1'!I14 -> 1 | K3: ='g1'!J14 -> 1 | L3: =IF(K3,J3/K3*100,U1) -> 100 | M3: ='g1'!K14 -> 18 | N3: ='g1'!L14 -> 18 | O3: =IF(N3,M3/N3*100,U1) -> 100 | P3: ='g1'!M14 -> 0 | Q3: ='g1'!N14 -> 5 | R3: ='g1'!O14 -> 2 | S3: ='g1'!P14 -> 13 | U3: ---
A4: ='g1'!A41 -> S.G.Alexander | B4: ='g1'!B41 -> 76 | C4: ='g1'!C41 -> 5 | D4: ='g1'!D41 -> 5 | E4: ='g1'!E41 -> 3 | F4: ='g1'!F41 -> 7 | G4: ='g1'!G41 -> 24 | H4: ='g1'!H41 -> 40 | I4: =IF(H4,G4/H4*100,U2) -> 60 | J4: ='g1'!I41 -> 0 | K4: ='g1'!J41 -> 0 | L4: =IF(K4,J4/K4*100,U2) -> --- | M4: ='g1'!K41 -> 28 | N4: ='g1'!L41 -> 28 | O4: =IF(N4,M4/N4*100,U2) -> 100 | P4: ='g1'!M41 -> 1 | Q4: ='g1'!N41 -> 5 | R4: ='g1'!O41 -> 4 | S4: ='g1'!P41 -> 20 | U4: ---
A5: ='g1'!A68 -> S.G.Alexander | B5: ='g1'!B68 -> 29 | C5: ='g1'!C68 -> 9 | D5: ='g1'!D68 -> 9 | E5: ='g1'!E68 -> 4 | F5: ='g1'!F68 -> 3 | G5: ='g1'!G68 -> 8 | H5: ='g1'!H68 -> 18 | I5: =IF(H5,G5/H5*100,U3) -> 44.444444 | J5: ='g1'!I68 -> 0 | K5: ='g1'!J68 -> 1 | L5: =IF(K5,J5/K5*100,U3) -> 0 | M5: ='g1'!K68 -> 13 | N5: ='g1'!L68 -> 15 | O5: =IF(N5,M5/N5*100,U3) -> 86.666667 | P5: ='g1'!M68 -> 2 | Q5: ='g1'!N68 -> 6 | R5: ='g1'!O68 -> 5 | S5: ='g1'!P68 -> 10 | U5: ---
A6: ='g1'!A95 -> S.G.Alexander | B6: ='g1'!B95 -> 47 | C6: ='g1'!C95 -> 1 | D6: ='g1'!D95 -> 1 | E6: ='g1'!E95 -> 0 | F6: ='g1'!F95 -> 1 | G6: ='g1'!G95 -> 20 | H6: ='g1'!H95 -> 29 | I6: =IF(H6,G6/H6*100,U4) -> 68.965517 | J6: ='g1'!I95 -> 0 | K6: ='g1'!J95 -> 0 | L6: =IF(K6,J6/K6*100,U4) -> --- | M6: ='g1'!K95 -> 7 | N6: ='g1'!L95 -> 8 | O6: =IF(N6,M6/N6*100,U4) -> 87.5 | P6: ='g1'!M95 -> 1 | Q6: ='g1'!N95 -> 5 | R6: ='g1'!O95 -> 4 | S6: ='g1'!P95 -> -13 | U6: ---
A7: ='g1'!A122 -> S.G.Alexander | B7: ='g1'!B122 -> 31 | C7: ='g1'!C122 -> 4 | D7: ='g1'!D122 -> 0 | E7: ='g1'!E122 -> 1 | F7: ='g1'!F122 -> 1 | G7: ='g1'!G122 -> 11 | H7: ='g1'!H122 -> 25 | I7: =IF(H7,G7/H7*100,U5) -> 44 | J7: ='g1'!I122 -> 0 | K7: ='g1'!J122 -> 0 | L7: =IF(K7,J7/K7*100,U5) -> --- | M7: ='g1'!K122 -> 9 | N7: ='g1'!L122 -> 10 | O7: =IF(N7,M7/N7*100,U5) -> 90 | P7: ='g1'!M122 -> 0 | Q7: ='g1'!N122 -> 1 | R7: ='g1'!O122 -> 1 | S7: ='g1'!P122 -> -18 | U7: ---
A8: ='g1'!A148 -> S.G.Alexander | B8: ='g1'!B148 -> 17 | C8: ='g1'!C148 -> 6 | D8: ='g1'!D148 -> 2 | E8: ='g1'!E148 -> 1 | F8: ='g1'!F148 -> 1 | G8: ='g1'!G148 -> 5 | H8: ='g1'!H148 -> 14 | I8: =IF(H8,G8/H8*100,U6) -> 35.714286 | J8: ='g1'!I148 -> 0 | K8: ='g1'!J148 -> 0 | L8: =IF(K8,J8/K8*100,U6) -> --- | M8: ='g1'!K148 -> 7 | N8: ='g1'!L148 -> 7 | O8: =IF(N8,M8/N8*100,U6) -> 100 | P8: ='g1'!M148 -> 0 | Q8: ='g1'!N148 -> 6 | R8: ='g1'!O148 -> 2 | S8: ='g1'!P148 -> 8 | U8: ---
A9: ='g1'!A174 -> S.G.Alexander | B9: ='g1'!B174 -> 26 | C9: ='g1'!C174 -> 4 | D9: ='g1'!D174 -> 7 | E9: ='g1'!E174 -> 1 | F9: ='g1'!F174 -> 0 | G9: ='g1'!G174 -> 8 | H9: ='g1'!H174 -> 15 | I9: =IF(H9,G9/H9*100,U7) -> 53.333333 | J9: ='g1'!I174 -> 0 | K9: ='g1'!J174 -> 1 | L9: =IF(K9,J9/K9*100,U7) -> 0 | M9: ='g1'!K174 -> 10 | N9: ='g1'!L174 -> 12 | O9: =IF(N9,M9/N9*100,U7) -> 83.333333 | P9: ='g1'!M174 -> 0 | Q9: ='g1'!N174 -> 6 | R9: ='g1'!O174 -> 0 | S9: ='g1'!P174 -> 1 | U9: ---
A10: Average | B10: =AVERAGE(B3:B9) -> 39.857143 | C10: =AVERAGE(C3:C9) -> 4.4285714 | D10: =AVERAGE(D3:D9) -> 4 | E10: =AVERAGE(E3:E9) -> 1.7142857 | F10: =AVERAGE(F3:F9) -> 2 | G10: =AVERAGE(G3:G9) -> 13.285714 | H10: =AVERAGE(H3:H9) -> 23.571429 | I10: =IF(H10,G10/H10*100,U8) -> 56.363636 | J10: =AVERAGE(J3:J9) -> 0.14285714 | K10: =AVERAGE(K3:K9) -> 0.42857143 | L10: =IF(K10,J10/K10*100,U8) -> 33.333333 | M10: =AVERAGE(M3:M9) -> 13.142857 | N10: =AVERAGE(N3:N9) -> 14 | O10: =IF(N10,M10/N10*100,U8) -> 93.877551 | P10: =AVERAGE(P3:P9) -> 0.57142857 | Q10: =AVERAGE(Q3:Q9) -> 4.8571429 | R10: =AVERAGE(R3:R9) -> 2.5714286 | S10: =AVERAGE(S3:S9) -> 3 | U10: ---
A11: D.Mitchell | U11: ---
A12: game | B12: 得分 | C12: 篮板 | D12: 助攻 | E12: 盖帽 | F12: 抢断 | G12: FGM | H12: FGA | I12: FG% | J12: 3PTM | K12: 3PTA | L12: 3PT% | M12: FTM | N12: FTA | O12: FT% | P12: 进攻篮板 | Q12: 犯规 | R12: 失误 | S12: 正负值/分差 | U12: ---
A13: ='g1'!A15 -> D.Mitchell | B13: ='g1'!B15 -> 34 | C13: ='g1'!C15 -> 4 | D13: ='g1'!D15 -> 6 | E13: ='g1'!E15 -> 1 | F13: ='g1'!F15 -> 1 | G13: ='g1'!G15 -> 12 | H13: ='g1'!H15 -> 21 | I13: =IF(H13,G13/H13*100,U11) -> 57.142857 | J13: ='g1'!I15 -> 0 | K13: ='g1'!J15 -> 1 | L13: =IF(K13,J13/K13*100,U11) -> 0 | M13: ='g1'!K15 -> 10 | N13: ='g1'!L15 -> 10 | O13: =IF(N13,M13/N13*100,U11) -> 100 | P13: ='g1'!M15 -> 0 | Q13: ='g1'!N15 -> 5 | R13: ='g1'!O15 -> 2 | S13: ='g1'!P15 -> 9 | U13: ---
A14: ='g1'!A42 -> D.Mitchell | B14: ='g1'!B42 -> 29 | C14: ='g1'!C42 -> 5 | D14: ='g1'!D42 -> 13 | E14: ='g1'!E42 -> 3 | F14: ='g1'!F42 -> 2 | G14: ='g1'!G42 -> 10 | H14: ='g1'!H42 -> 30 | I14: =IF(H14,G14/H14*100,U12) -> 33.333333 | J14: ='g1'!I42 -> 1 | K14: ='g1'!J42 -> 2 | L14: =IF(K14,J14/K14*100,U12) -> 50 | M14: ='g1'!K42 -> 8 | N14: ='g1'!L42 -> 11 | O14: =IF(N14,M14/N14*100,U12) -> 72.727273 | P14: ='g1'!M42 -> 1 | Q14: ='g1'!N42 -> 6 | R14: ='g1'!O42 -> 4 | S14: ='g1'!P42 -> 12 | U14: ---
A15: ='g1'!A69 -> D.Mitchell | B15: ='g1'!B69 -> 42 | C15: ='g1'!C69 -> 3 | D15: ='g1'!D69 -> 1 | E15: ='g1'!E69 -> 1 | F15: ='g1'!F69 -> 2 | G15: ='g1'!G69 -> 17 | H15: ='g1'!H69 -> 39 | I15: =IF(H15,G15/H15*100,U13) -> 43.589744 | J15: ='g1'!I69 -> 0 | K15: ='g1'!J69 -> 0 | L15: =IF(K15,J15/K15*100,U13) -> --- | M15: ='g1'!K69 -> 8 | N15: ='g1'!L69 -> 9 | O15: =IF(N15,M15/N15*100,U13) -> 88.888889 | P15: ='g1'!M69 -> 0 | Q15: ='g1'!N69 -> 4 | R15: ='g1'!O69 -> 1 | S15: ='g1'!P69 -> -7 | U15: ---
A16: ='g1'!A96 -> D.Mitchell | B16: ='g1'!B96 -> 29 | C16: ='g1'!C96 -> 4 | D16: ='g1'!D96 -> 10 | E16: ='g1'!E96 -> 1 | F16: ='g1'!F96 -> 1 | G16: ='g1'!G96 -> 10 | H16: ='g1'!H96 -> 23 | I16: =IF(H16,G16/H16*100,U14) -> 43.478261 | J16: ='g1'!I96 -> 3 | K16: ='g1'!J96 -> 5 | L16: =IF(K16,J16/K16*100,U14) -> 60 | M16: ='g1'!K96 -> 6 | N16: ='g1'!L96 -> 7 | O16: =IF(N16,M16/N16*100,U14) -> 85.714286 | P16: ='g1'!M96 -> 0 | Q16: ='g1'!N96 -> 4 | R16: ='g1'!O96 -> 2 | S16: ='g1'!P96 -> -17 | U16: ---
A17: ='g1'!A123 -> D.Mitchell | B17: ='g1'!B123 -> 18 | C17: ='g1'!C123 -> 5 | D17: ='g1'!D123 -> 3 | E17: ='g1'!E123 -> 1 | F17: ='g1'!F123 -> 0 | G17: ='g1'!G123 -> 5 | H17: ='g1'!H123 -> 13 | I17: =IF(H17,G17/H17*100,U15) -> 38.461538 | J17: ='g1'!I123 -> 0 | K17: ='g1'!J123 -> 0 | L17: =IF(K17,J17/K17*100,U15) -> --- | M17: ='g1'!K123 -> 8 | N17: ='g1'!L123 -> 8 | O17: =IF(N17,M17/N17*100,U15) -> 100 | P17: ='g1'!M123 -> 0 | Q17: ='g1'!N123 -> 2 | R17: ='g1'!O123 -> 3 | S17: ='g1'!P123 -> -16 | U17: ---
A18: ='g1'!A149 -> D.Mitchell | B18: ='g1'!B149 -> 51 | C18: ='g1'!C149 -> 8 | D18: ='g1'!D149 -> 8 | E18: ='g1'!E149 -> 2 | F18: ='g1'!F149 -> 4 | G18: ='g1'!G149 -> 19 | H18: ='g1'!H149 -> 36 | I18: =IF(H18,G18/H18*100,U16) -> 52.777778 | J18: ='g1'!I149 -> 1 | K18: ='g1'!J149 -> 3 | L18: =IF(K18,J18/K18*100,U16) -> 33.333333 | M18: ='g1'!K149 -> 12 | N18: ='g1'!L149 -> 13 | O18: =IF(N18,M18/N18*100,U16) -> 92.307692 | P18: ='g1'!M149 -> 1 | Q18: ='g1'!N149 -> 2 | R18: ='g1'!O149 -> 1 | S18: ='g1'!P149 -> 14 | U18: ---
A19: ='g1'!A175 -> D.Mitchell | B19: ='g1'!B175 -> 58 | C19: ='g1'!C175 -> 7 | D19: ='g1'!D175 -> 8 | E19: ='g1'!E175 -> 2 | F19: ='g1'!F175 -> 2 | G19: ='g1'!G175 -> 20 | H19: ='g1'!H175 -> 36 | I19: =IF(H19,G19/H19*100,U17) -> 55.555556 | J19: ='g1'!I175 -> 8 | K19: ='g1'!J175 -> 12 | L19: =IF(K19,J19/K19*100,U17) -> 66.666667 | M19: ='g1'!K175 -> 10 | N19: ='g1'!L175 -> 10 | O19: =IF(N19,M19/N19*100,U17) -> 100 | P19: ='g1'!M175 -> 2 | Q19: ='g1'!N175 -> 3 | R19: ='g1'!O175 -> 2 | S19: ='g1'!P175 -> 11 | U19: ---
A20: Average | B20: =AVERAGE(B13:B19) -> 37.285714 | C20: =AVERAGE(C13:C19) -> 5.1428571 | D20: =AVERAGE(D13:D19) -> 7 | E20: =AVERAGE(E13:E19) -> 1.5714286 | F20: =AVERAGE(F13:F19) -> 1.7142857 | G20: =AVERAGE(G13:G19) -> 13.285714 | H20: =AVERAGE(H13:H19) -> 28.285714 | I20: =IF(H20,G20/H20*100,U18) -> 46.969697 | J20: =AVERAGE(J13:J19) -> 1.8571429 | K20: =AVERAGE(K13:K19) -> 3.2857143 | L20: =IF(K20,J20/K20*100,U18) -> 56.521739 | M20: =AVERAGE(M13:M19) -> 8.8571429 | N20: =AVERAGE(N13:N19) -> 9.7142857 | O20: =IF(N20,M20/N20*100,U18) -> 91.176471 | P20: =AVERAGE(P13:P19) -> 0.57142857 | Q20: =AVERAGE(Q13:Q19) -> 3.7142857 | R20: =AVERAGE(R13:R19) -> 2.1428571 | S20: =AVERAGE(S13:S19) -> 0.85714286 | U20: ---
U21: ---
U22: ---
U23: ---
U24: ---
U25: ---
A26: D.Booker | U26: ---
A27: game | B27: 得分 | C27: 篮板 | D27: 助攻 | E27: 盖帽 | F27: 抢断 | G27: FGM | H27: FGA | I27: FG% | J27: 3PTM | K27: 3PTA | L27: 3PT% | M27: FTM | N27: FTA | O27: FT% | P27: 进攻篮板 | Q27: 犯规 | R27: 失误 | S27: 正负值/分差 | U27: ---
A28: ='g1'!A16 -> D.Booker | B28: ='g1'!B16 -> 12 | C28: ='g1'!C16 -> 8 | D28: ='g1'!D16 -> 10 | E28: ='g1'!E16 -> 0 | F28: ='g1'!F16 -> 1 | G28: ='g1'!G16 -> 4 | H28: ='g1'!H16 -> 15 | I28: =IF(H28,G28/H28*100,U26) -> 26.666667 | J28: ='g1'!I16 -> 4 | K28: ='g1'!J16 -> 8 | L28: =IF(K28,J28/K28*100,U26) -> 50 | M28: ='g1'!K16 -> 0 | N28: ='g1'!L16 -> 0 | O28: =IF(N28,M28/N28*100,U26) -> --- | P28: ='g1'!M16 -> 0 | Q28: ='g1'!N16 -> 4 | R28: ='g1'!O16 -> 0 | S28: ='g1'!P16 -> 18 | U28: ---
A29: ='g1'!A43 -> D.Booker | B29: ='g1'!B43 -> 11 | C29: ='g1'!C43 -> 13 | D29: ='g1'!D43 -> 7 | E29: ='g1'!E43 -> 3 | F29: ='g1'!F43 -> 1 | G29: ='g1'!G43 -> 4 | H29: ='g1'!H43 -> 9 | I29: =IF(H29,G29/H29*100,U27) -> 44.444444 | J29: ='g1'!I43 -> 1 | K29: ='g1'!J43 -> 3 | L29: =IF(K29,J29/K29*100,U27) -> 33.333333 | M29: ='g1'!K43 -> 2 | N29: ='g1'!L43 -> 3 | O29: =IF(N29,M29/N29*100,U27) -> 66.666667 | P29: ='g1'!M43 -> 0 | Q29: ='g1'!N43 -> 6 | R29: ='g1'!O43 -> 0 | S29: ='g1'!P43 -> 0 | U29: ---
A30: ='g1'!A70 -> D.Booker | B30: ='g1'!B70 -> 55 | C30: ='g1'!C70 -> 6 | D30: ='g1'!D70 -> 4 | E30: ='g1'!E70 -> 3 | F30: ='g1'!F70 -> 2 | G30: ='g1'!G70 -> 19 | H30: ='g1'!H70 -> 26 | I30: =IF(H30,G30/H30*100,U28) -> 73.076923 | J30: ='g1'!I70 -> 7 | K30: ='g1'!J70 -> 11 | L30: =IF(K30,J30/K30*100,U28) -> 63.636364 | M30: ='g1'!K70 -> 10 | N30: ='g1'!L70 -> 11 | O30: =IF(N30,M30/N30*100,U28) -> 90.909091 | P30: ='g1'!M70 -> 0 | Q30: ='g1'!N70 -> 3 | R30: ='g1'!O70 -> 1 | S30: ='g1'!P70 -> -11 | U30: ---
A31: ='g1'!A97 -> D.Booker | B31: ='g1'!B97 -> 19 | C31: ='g1'!C97 -> 5 | D31: ='g1'!D97 -> 3 | E31: ='g1'!E97 -> 1 | F31: ='g1'!F97 -> 0 | G31: ='g1'!G97 -> 7 | H31: ='g1'!H97 -> 11 | I31: =IF(H31,G31/H31*100,U29) -> 63.636364 | J31: ='g1'!I97 -> 4 | K31: ='g1'!J97 -> 8 | L31: =IF(K31,J31/K31*100,U29) -> 50 | M31: ='g1'!K97 -> 1 | N31: ='g1'!L97 -> 1 | O31: =IF(N31,M31/N31*100,U29) -> 100 | P31: ='g1'!M97 -> 1 | Q31: ='g1'!N97 -> 5 | R31: ='g1'!O97 -> 4 | S31: ='g1'!P97 -> -10 | U31: ---
A32: ='g1'!A124 -> D.Booker | B32: ='g1'!B124 -> 5 | C32: ='g1'!C124 -> 4 | D32: ='g1'!D124 -> 1 | E32: ='g1'!E124 -> 0 | F32: ='g1'!F124 -> 0 | G32: ='g1'!G124 -> 2 | H32: ='g1'!H124 -> 12 | I32: =IF(H32,G32/H32*100,U30) -> 16.666667 | J32: ='g1'!I124 -> 1 | K32: ='g1'!J124 -> 6 | L32: =IF(K32,J32/K32*100,U30) -> 16.666667 | M32: ='g1'!K124 -> 0 | N32: ='g1'!L124 -> 0 | O32: =IF(N32,M32/N32*100,U30) -> --- | P32: ='g1'!M124 -> 0 | Q32: ='g1'!N124 -> 2 | R32: ='g1'!O124 -> 4 | S32: ='g1'!P124 -> -26 | U32: ---
A33: ='g1'!A150 -> D.Booker | B33: ='g1'!B150 -> 48 | C33: ='g1'!C150 -> 8 | D33: ='g1'!D150 -> 2 | E33: ='g1'!E150 -> 1 | F33: ='g1'!F150 -> 1 | G33: ='g1'!G150 -> 17 | H33: ='g1'!H150 -> 20 | I33: =IF(H33,G33/H33*100,U31) -> 85 | J33: ='g1'!I150 -> 7 | K33: ='g1'!J150 -> 8 | L33: =IF(K33,J33/K33*100,U31) -> 87.5 | M33: ='g1'!K150 -> 7 | N33: ='g1'!L150 -> 7 | O33: =IF(N33,M33/N33*100,U31) -> 100 | P33: ='g1'!M150 -> 0 | Q33: ='g1'!N150 -> 4 | R33: ='g1'!O150 -> 0 | S33: ='g1'!P150 -> 10 | U33: ---
A34: ='g1'!A176 -> D.Booker | B34: ='g1'!B176 -> 18 | C34: ='g1'!C176 -> 7 | D34: ='g1'!D176 -> 5 | E34: ='g1'!E176 -> 3 | F34: ='g1'!F176 -> 0 | G34: ='g1'!G176 -> 7 | H34: ='g1'!H176 -> 14 | I34: =IF(H34,G34/H34*100,U32) -> 50 | J34: ='g1'!I176 -> 4 | K34: ='g1'!J176 -> 9 | L34: =IF(K34,J34/K34*100,U32) -> 44.444444 | M34: ='g1'!K176 -> 0 | N34: ='g1'!L176 -> 0 | O34: =IF(N34,M34/N34*100,U32) -> --- | P34: ='g1'!M176 -> 0 | Q34: ='g1'!N176 -> 4 | R34: ='g1'!O176 -> 0 | S34: ='g1'!P176 -> 12 | U34: ---
A35: Average | B35: =AVERAGE(B28:B34) -> 24 | C35: =AVERAGE(C28:C34) -> 7.2857143 | D35: =AVERAGE(D28:D34) -> 4.5714286 | E35: =AVERAGE(E28:E34) -> 1.5714286 | F35: =AVERAGE(F28:F34) -> 0.71428571 | G35: =AVERAGE(G28:G34) -> 8.5714286 | H35: =AVERAGE(H28:H34) -> 15.285714 | I35: =IF(H35,G35/H35*100,U33) -> 56.074766 | J35: =AVERAGE(J28:J34) -> 4 | K35: =AVERAGE(K28:K34) -> 7.5714286 | L35: =IF(K35,J35/K35*100,U33) -> 52.830189 | M35: =AVERAGE(M28:M34) -> 2.8571429 | N35: =AVERAGE(N28:N34) -> 3.1428571 | O35: =IF(N35,M35/N35*100,U33) -> 90.909091 | P35: =AVERAGE(P28:P34) -> 0.14285714 | Q35: =AVERAGE(Q28:Q34) -> 4 | R35: =AVERAGE(R28:R34) -> 1.2857143 | S35: =AVERAGE(S28:S34) -> -1 | U35: ---
U36: ---
U37: ---
U38: ---
U39: ---
U40: ---
A41: M.Robinson | U41: ---
A42: game | B42: 得分 | C42: 篮板 | D42: 助攻 | E42: 盖帽 | F42: 抢断 | G42: FGM | H42: FGA | I42: FG% | J42: 3PTM | K42: 3PTA | L42: 3PT% | M42: FTM | N42: FTA | O42: FT% | P42: 进攻篮板 | Q42: 犯规 | R42: 失误 | S42: 正负值/分差 | U42: ---
A43: ='g1'!A17 -> M.Robinson | B43: ='g1'!B17 -> 8 | C43: ='g1'!C17 -> 8 | D43: ='g1'!D17 -> 8 | E43: ='g1'!E17 -> 4 | F43: ='g1'!F17 -> 0 | G43: ='g1'!G17 -> 2 | H43: ='g1'!H17 -> 8 | I43: =IF(H43,G43/H43*100,U41) -> 25 | J43: ='g1'!I17 -> 0 | K43: ='g1'!J17 -> 0 | L43: =IF(K43,J43/K43*100,U41) -> --- | M43: ='g1'!K17 -> 4 | N43: ='g1'!L17 -> 5 | O43: =IF(N43,M43/N43*100,U41) -> 80 | P43: ='g1'!M17 -> 3 | Q43: ='g1'!N17 -> 1 | R43: ='g1'!O17 -> 1 | S43: ='g1'!P17 -> 10 | U43: ---
A44: ='g1'!A44 -> M.Robinson | B44: ='g1'!B44 -> 25 | C44: ='g1'!C44 -> 16 | D44: ='g1'!D44 -> 8 | E44: ='g1'!E44 -> 5 | F44: ='g1'!F44 -> 1 | G44: ='g1'!G44 -> 10 | H44: ='g1'!H44 -> 12 | I44: =IF(H44,G44/H44*100,U42) -> 83.333333 | J44: ='g1'!I44 -> 0 | K44: ='g1'!J44 -> 0 | L44: =IF(K44,J44/K44*100,U42) -> --- | M44: ='g1'!K44 -> 5 | N44: ='g1'!L44 -> 6 | O44: =IF(N44,M44/N44*100,U42) -> 83.333333 | P44: ='g1'!M44 -> 8 | Q44: ='g1'!N44 -> 1 | R44: ='g1'!O44 -> 4 | S44: ='g1'!P44 -> 7 | U44: ---
A45: ='g1'!A71 -> M.Robinson | B45: ='g1'!B71 -> 15 | C45: ='g1'!C71 -> 13 | D45: ='g1'!D71 -> 3 | E45: ='g1'!E71 -> 5 | F45: ='g1'!F71 -> 1 | G45: ='g1'!G71 -> 5 | H45: ='g1'!H71 -> 14 | I45: =IF(H45,G45/H45*100,U43) -> 35.714286 | J45: ='g1'!I71 -> 0 | K45: ='g1'!J71 -> 0 | L45: =IF(K45,J45/K45*100,U43) -> --- | M45: ='g1'!K71 -> 5 | N45: ='g1'!L71 -> 6 | O45: =IF(N45,M45/N45*100,U43) -> 83.333333 | P45: ='g1'!M71 -> 5 | Q45: ='g1'!N71 -> 5 | R45: ='g1'!O71 -> 2 | S45: ='g1'!P71 -> -19 | U45: ---
A46: ='g1'!A98 -> M.Robinson | B46: ='g1'!B98 -> 17 | C46: ='g1'!C98 -> 12 | D46: ='g1'!D98 -> 6 | E46: ='g1'!E98 -> 2 | F46: ='g1'!F98 -> 0 | G46: ='g1'!G98 -> 5 | H46: ='g1'!H98 -> 10 | I46: =IF(H46,G46/H46*100,U44) -> 50 | J46: ='g1'!I98 -> 0 | K46: ='g1'!J98 -> 0 | L46: =IF(K46,J46/K46*100,U44) -> --- | M46: ='g1'!K98 -> 7 | N46: ='g1'!L98 -> 7 | O46: =IF(N46,M46/N46*100,U44) -> 100 | P46: ='g1'!M98 -> 3 | Q46: ='g1'!N98 -> 2 | R46: ='g1'!O98 -> 2 | S46: ='g1'!P98 -> -1 | U46: ---
A47: ='g1'!A125 -> M.Robinson | B47: ='g1'!B125 -> 12 | C47: ='g1'!C125 -> 3 | D47: ='g1'!D125 -> 4 | E47: ='g1'!E125 -> 3 | F47: ='g1'!F125 -> 1 | G47: ='g1'!G125 -> 4 | H47: ='g1'!H125 -> 9 | I47: =IF(H47,G47/H47*100,U45) -> 44.444444 | J47: ='g1'!I125 -> 0 | K47: ='g1'!J125 -> 1 | L47: =IF(K47,J47/K47*100,U45) -> 0 | M47: ='g1'!K125 -> 4 | N47: ='g1'!L125 -> 6 | O47: =IF(N47,M47/N47*100,U45) -> 66.666667 | P47: ='g1'!M125 -> 1 | Q47: ='g1'!N125 -> 1 | R47: ='g1'!O125 -> 1 | S47: ='g1'!P125 -> -16 | U47: ---
A48: ='g1'!A151 -> M.Robinson | B48: ='g1'!B151 -> 22 | C48: ='g1'!C151 -> 8 | D48: ='g1'!D151 -> 6 | E48: ='g1'!E151 -> 7 | F48: ='g1'!F151 -> 0 | G48: ='g1'!G151 -> 8 | H48: ='g1'!H151 -> 10 | I48: =IF(H48,G48/H48*100,U46) -> 80 | J48: ='g1'!I151 -> 0 | K48: ='g1'!J151 -> 0 | L48: =IF(K48,J48/K48*100,U46) -> --- | M48: ='g1'!K151 -> 6 | N48: ='g1'!L151 -> 9 | O48: =IF(N48,M48/N48*100,U46) -> 66.666667 | P48: ='g1'!M151 -> 1 | Q48: ='g1'!N151 -> 1 | R48: ='g1'!O151 -> 4 | S48: ='g1'!P151 -> 8 | U48: ---
A49: ='g1'!A177 -> M.Robinson | B49: ='g1'!B177 -> 30 | C49: ='g1'!C177 -> 12 | D49: ='g1'!D177 -> 5 | E49: ='g1'!E177 -> 1 | F49: ='g1'!F177 -> 1 | G49: ='g1'!G177 -> 12 | H49: ='g1'!H177 -> 21 | I49: =IF(H49,G49/H49*100,U47) -> 57.142857 | J49: ='g1'!I177 -> 0 | K49: ='g1'!J177 -> 0 | L49: =IF(K49,J49/K49*100,U47) -> --- | M49: ='g1'!K177 -> 6 | N49: ='g1'!L177 -> 11 | O49: =IF(N49,M49/N49*100,U47) -> 54.545455 | P49: ='g1'!M177 -> 5 | Q49: ='g1'!N177 -> 3 | R49: ='g1'!O177 -> 2 | S49: ='g1'!P177 -> 11 | U49: ---
A50: Average | B50: =AVERAGE(B43:B49) -> 18.428571 | C50: =AVERAGE(C43:C49) -> 10.285714 | D50: =AVERAGE(D43:D49) -> 5.7142857 | E50: =AVERAGE(E43:E49) -> 3.8571429 | F50: =AVERAGE(F43:F49) -> 0.57142857 | G50: =AVERAGE(G43:G49) -> 6.5714286 | H50: =AVERAGE(H43:H49) -> 12 | I50: =IF(H50,G50/H50*100,U48) -> 54.761905 | J50: =AVERAGE(J43:J49) -> 0 | K50: =AVERAGE(K43:K49) -> 0.14285714 | L50: =IF(K50,J50/K50*100,U48) -> 0 | M50: =AVERAGE(M43:M49) -> 5.2857143 | N50: =AVERAGE(N43:N49) -> 7.1428571 | O50: =IF(N50,M50/N50*100,U48) -> 74 | P50: =AVERAGE(P43:P49) -> 3.7142857 | Q50: =AVERAGE(Q43:Q49) -> 2 | R50: =AVERAGE(R43:R49) -> 2.2857143 | S50: =AVERAGE(S43:S49) -> 0 | U50: ---
U51: ---
U52: ---
U53: ---
U54: ---
U55: ---
A56: W.Chamberlain | U56: ---
A57: game | B57: 得分 | C57: 篮板 | D57: 助攻 | E57: 盖帽 | F57: 抢断 | G57: FGM | H57: FGA | I57: FG% | J57: 3PTM | K57: 3PTA | L57: 3PT% | M57: FTM | N57: FTA | O57: FT% | P57: 进攻篮板 | Q57: 犯规 | R57: 失误 | S57: 正负值/分差 | U57: ---
A58: ='g1'!A18 -> W.Chamberlain | B58: ='g1'!B18 -> 6 | C58: ='g1'!C18 -> 11 | D58: ='g1'!D18 -> 3 | E58: ='g1'!E18 -> 2 | F58: ='g1'!F18 -> 2 | G58: ='g1'!G18 -> 3 | H58: ='g1'!H18 -> 3 | I58: =IF(H58,G58/H58*100,U56) -> 100 | J58: ='g1'!I18 -> 0 | K58: ='g1'!J18 -> 0 | L58: =IF(K58,J58/K58*100,U56) -> --- | M58: ='g1'!K18 -> 0 | N58: ='g1'!L18 -> 1 | O58: =IF(N58,M58/N58*100,U56) -> 0 | P58: ='g1'!M18 -> 2 | Q58: ='g1'!N18 -> 4 | R58: ='g1'!O18 -> 1 | S58: ='g1'!P18 -> 20 | U58: ---
A59: ='g1'!A45 -> W.Chamberlain | B59: ='g1'!B45 -> 19 | C59: ='g1'!C45 -> 9 | D59: ='g1'!D45 -> 1 | E59: ='g1'!E45 -> 6 | F59: ='g1'!F45 -> 0 | G59: ='g1'!G45 -> 9 | H59: ='g1'!H45 -> 12 | I59: =IF(H59,G59/H59*100,U57) -> 75 | J59: ='g1'!I45 -> 0 | K59: ='g1'!J45 -> 0 | L59: =IF(K59,J59/K59*100,U57) -> --- | M59: ='g1'!K45 -> 1 | N59: ='g1'!L45 -> 4 | O59: =IF(N59,M59/N59*100,U57) -> 25 | P59: ='g1'!M45 -> 5 | Q59: ='g1'!N45 -> 4 | R59: ='g1'!O45 -> 5 | S59: ='g1'!P45 -> -1 | U59: ---
A60: ='g1'!A72 -> W.Chamberlain | B60: ='g1'!B72 -> 8 | C60: ='g1'!C72 -> 16 | D60: ='g1'!D72 -> 3 | E60: ='g1'!E72 -> 3 | F60: ='g1'!F72 -> 0 | G60: ='g1'!G72 -> 4 | H60: ='g1'!H72 -> 7 | I60: =IF(H60,G60/H60*100,U58) -> 57.142857 | J60: ='g1'!I72 -> 0 | K60: ='g1'!J72 -> 0 | L60: =IF(K60,J60/K60*100,U58) -> --- | M60: ='g1'!K72 -> 0 | N60: ='g1'!L72 -> 1 | O60: =IF(N60,M60/N60*100,U58) -> 0 | P60: ='g1'!M72 -> 4 | Q60: ='g1'!N72 -> 1 | R60: ='g1'!O72 -> 5 | S60: ='g1'!P72 -> -7 | U60: ---
A61: ='g1'!A99 -> W.Chamberlain | B61: ='g1'!B99 -> 2 | C61: ='g1'!C99 -> 8 | D61: ='g1'!D99 -> 5 | E61: ='g1'!E99 -> 5 | F61: ='g1'!F99 -> 2 | G61: ='g1'!G99 -> 1 | H61: ='g1'!H99 -> 2 | I61: =IF(H61,G61/H61*100,U59) -> 50 | J61: ='g1'!I99 -> 0 | K61: ='g1'!J99 -> 0 | L61: =IF(K61,J61/K61*100,U59) -> --- | M61: ='g1'!K99 -> 0 | N61: ='g1'!L99 -> 0 | O61: =IF(N61,M61/N61*100,U59) -> --- | P61: ='g1'!M99 -> 2 | Q61: ='g1'!N99 -> 2 | R61: ='g1'!O99 -> 5 | S61: ='g1'!P99 -> -15 | U61: ---
A62: ='g1'!A126 -> W.Chamberlain | B62: ='g1'!B126 -> 0 | C62: ='g1'!C126 -> 5 | D62: ='g1'!D126 -> 1 | E62: ='g1'!E126 -> 2 | F62: ='g1'!F126 -> 0 | G62: ='g1'!G126 -> 0 | H62: ='g1'!H126 -> 0 | I62: =IF(H62,G62/H62*100,U60) -> --- | J62: ='g1'!I126 -> 0 | K62: ='g1'!J126 -> 0 | L62: =IF(K62,J62/K62*100,U60) -> --- | M62: ='g1'!K126 -> 0 | N62: ='g1'!L126 -> 4 | O62: =IF(N62,M62/N62*100,U60) -> 0 | P62: ='g1'!M126 -> 0 | Q62: ='g1'!N126 -> 6 | R62: ='g1'!O126 -> 1 | S62: ='g1'!P126 -> -21 | U62: ---
A63: ='g1'!A152 -> W.Chamberlain | B63: ='g1'!B152 -> 3 | C63: ='g1'!C152 -> 12 | D63: ='g1'!D152 -> 6 | E63: ='g1'!E152 -> 6 | F63: ='g1'!F152 -> 0 | G63: ='g1'!G152 -> 1 | H63: ='g1'!H152 -> 2 | I63: =IF(H63,G63/H63*100,U61) -> 50 | J63: ='g1'!I152 -> 0 | K63: ='g1'!J152 -> 0 | L63: =IF(K63,J63/K63*100,U61) -> --- | M63: ='g1'!K152 -> 1 | N63: ='g1'!L152 -> 6 | O63: =IF(N63,M63/N63*100,U61) -> 16.666667 | P63: ='g1'!M152 -> 4 | Q63: ='g1'!N152 -> 0 | R63: ='g1'!O152 -> 1 | S63: ='g1'!P152 -> 14 | U63: ---
A64: ='g1'!A178 -> W.Chamberlain | B64: ='g1'!B178 -> 8 | C64: ='g1'!C178 -> 8 | D64: ='g1'!D178 -> 4 | E64: ='g1'!E178 -> 7 | F64: ='g1'!F178 -> 2 | G64: ='g1'!G178 -> 4 | H64: ='g1'!H178 -> 8 | I64: =IF(H64,G64/H64*100,U62) -> 50 | J64: ='g1'!I178 -> 0 | K64: ='g1'!J178 -> 0 | L64: =IF(K64,J64/K64*100,U62) -> --- | M64: ='g1'!K178 -> 0 | N64: ='g1'!L178 -> 0 | O64: =IF(N64,M64/N64*100,U62) -> --- | P64: ='g1'!M178 -> 1 | Q64: ='g1'!N178 -> 0 | R64: ='g1'!O178 -> 0 | S64: ='g1'!P178 -> 11 | U64: ---
A65: Average | B65: =AVERAGE(B58:B64) -> 6.5714286 | C65: =AVERAGE(C58:C64) -> 9.8571429 | D65: =AVERAGE(D58:D64) -> 3.2857143 | E65: =AVERAGE(E58:E64) -> 4.4285714 | F65: =AVERAGE(F58:F64) -> 0.85714286 | G65: =AVERAGE(G58:G64) -> 3.1428571 | H65: =AVERAGE(H58:H64) -> 4.8571429 | I65: =IF(H65,G65/H65*100,U63) -> 64.705882 | J65: =AVERAGE(J58:J64) -> 0 | K65: =AVERAGE(K58:K64) -> 0 | L65: =IF(K65,J65/K65*100,U63) -> --- | M65: =AVERAGE(M58:M64) -> 0.28571429 | N65: =AVERAGE(N58:N64) -> 2.2857143 | O65: =IF(N65,M65/N65*100,U63) -> 12.5 | P65: =AVERAGE(P58:P64) -> 2.5714286 | Q65: =AVERAGE(Q58:Q64) -> 2.4285714 | R65: =AVERAGE(R58:R64) -> 2.5714286 | S65: =AVERAGE(S58:S64) -> 0.14285714 | U65: ---
U66: ---
U67: ---
U68: ---
U69: ---
U70: ---
A71: J.Brown | U71: ---
A72: game | B72: 得分 | C72: 篮板 | D72: 助攻 | E72: 盖帽 | F72: 抢断 | G72: FGM | H72: FGA | I72: FG% | J72: 3PTM | K72: 3PTA | L72: 3PT% | M72: FTM | N72: FTA | O72: FT% | P72: 进攻篮板 | Q72: 犯规 | R72: 失误 | S72: 正负值/分差 | U72: ---
A73: ='g1'!A19 -> J.Brown | B73: ='g1'!B19 -> 15 | C73: ='g1'!C19 -> 6 | D73: ='g1'!D19 -> 2 | E73: ='g1'!E19 -> 0 | F73: ='g1'!F19 -> 1 | G73: ='g1'!G19 -> 6 | H73: ='g1'!H19 -> 10 | I73: =IF(H73,G73/H73*100,U71) -> 60 | J73: ='g1'!I19 -> 0 | K73: ='g1'!J19 -> 2 | L73: =IF(K73,J73/K73*100,U71) -> 0 | M73: ='g1'!K19 -> 3 | N73: ='g1'!L19 -> 3 | O73: =IF(N73,M73/N73*100,U71) -> 100 | P73: ='g1'!M19 -> 0 | Q73: ='g1'!N19 -> 2 | R73: ='g1'!O19 -> 1 | S73: ='g1'!P19 -> -4 | U73: ---
A74: ='g1'!A46 -> J.Brown | B74: ='g1'!B46 -> 9 | C74: ='g1'!C46 -> 6 | D74: ='g1'!D46 -> 4 | E74: ='g1'!E46 -> 3 | F74: ='g1'!F46 -> 0 | G74: ='g1'!G46 -> 4 | H74: ='g1'!H46 -> 13 | I74: =IF(H74,G74/H74*100,U72) -> 30.769231 | J74: ='g1'!I46 -> 1 | K74: ='g1'!J46 -> 4 | L74: =IF(K74,J74/K74*100,U72) -> 25 | M74: ='g1'!K46 -> 0 | N74: ='g1'!L46 -> 0 | O74: =IF(N74,M74/N74*100,U72) -> --- | P74: ='g1'!M46 -> 1 | Q74: ='g1'!N46 -> 4 | R74: ='g1'!O46 -> 0 | S74: ='g1'!P46 -> -17 | U74: ---
A75: ='g1'!A73 -> J.Brown | B75: ='g1'!B73 -> 6 | C75: ='g1'!C73 -> 5 | D75: ='g1'!D73 -> 4 | E75: ='g1'!E73 -> 0 | F75: ='g1'!F73 -> 0 | G75: ='g1'!G73 -> 3 | H75: ='g1'!H73 -> 9 | I75: =IF(H75,G75/H75*100,U73) -> 33.333333 | J75: ='g1'!I73 -> 0 | K75: ='g1'!J73 -> 1 | L75: =IF(K75,J75/K75*100,U73) -> 0 | M75: ='g1'!K73 -> 0 | N75: ='g1'!L73 -> 0 | O75: =IF(N75,M75/N75*100,U73) -> --- | P75: ='g1'!M73 -> 0 | Q75: ='g1'!N73 -> 3 | R75: ='g1'!O73 -> 1 | S75: ='g1'!P73 -> -4 | U75: ---
A76: ='g1'!A100 -> J.Brown | B76: ='g1'!B100 -> 7 | C76: ='g1'!C100 -> 3 | D76: ='g1'!D100 -> 7 | E76: ='g1'!E100 -> 4 | F76: ='g1'!F100 -> 0 | G76: ='g1'!G100 -> 2 | H76: ='g1'!H100 -> 7 | I76: =IF(H76,G76/H76*100,U74) -> 28.571429 | J76: ='g1'!I100 -> 0 | K76: ='g1'!J100 -> 3 | L76: =IF(K76,J76/K76*100,U74) -> 0 | M76: ='g1'!K100 -> 3 | N76: ='g1'!L100 -> 4 | O76: =IF(N76,M76/N76*100,U74) -> 75 | P76: ='g1'!M100 -> 0 | Q76: ='g1'!N100 -> 1 | R76: ='g1'!O100 -> 2 | S76: ='g1'!P100 -> -2 | U76: ---
A77: ='g1'!A127 -> J.Brown | B77: ='g1'!B127 -> 7 | C77: ='g1'!C127 -> 4 | D77: ='g1'!D127 -> 1 | E77: ='g1'!E127 -> 0 | F77: ='g1'!F127 -> 0 | G77: ='g1'!G127 -> 3 | H77: ='g1'!H127 -> 9 | I77: =IF(H77,G77/H77*100,U75) -> 33.333333 | J77: ='g1'!I127 -> 1 | K77: ='g1'!J127 -> 1 | L77: =IF(K77,J77/K77*100,U75) -> 100 | M77: ='g1'!K127 -> 0 | N77: ='g1'!L127 -> 0 | O77: =IF(N77,M77/N77*100,U75) -> --- | P77: ='g1'!M127 -> 1 | Q77: ='g1'!N127 -> 1 | R77: ='g1'!O127 -> 2 | S77: ='g1'!P127 -> -14 | U77: ---
A78: ='g1'!A153 -> J.Brown | B78: ='g1'!B153 -> 10 | C78: ='g1'!C153 -> 2 | D78: ='g1'!D153 -> 1 | E78: ='g1'!E153 -> 2 | F78: ='g1'!F153 -> 0 | G78: ='g1'!G153 -> 4 | H78: ='g1'!H153 -> 8 | I78: =IF(H78,G78/H78*100,U76) -> 50 | J78: ='g1'!I153 -> 1 | K78: ='g1'!J153 -> 4 | L78: =IF(K78,J78/K78*100,U76) -> 25 | M78: ='g1'!K153 -> 1 | N78: ='g1'!L153 -> 2 | O78: =IF(N78,M78/N78*100,U76) -> 50 | P78: ='g1'!M153 -> 0 | Q78: ='g1'!N153 -> 0 | R78: ='g1'!O153 -> 2 | S78: ='g1'!P153 -> -11 | U78: ---
A79: ='g1'!A179 -> J.Brown | B79: ='g1'!B179 -> 14 | C79: ='g1'!C179 -> 3 | D79: ='g1'!D179 -> 1 | E79: ='g1'!E179 -> 1 | F79: ='g1'!F179 -> 0 | G79: ='g1'!G179 -> 5 | H79: ='g1'!H179 -> 6 | I79: =IF(H79,G79/H79*100,U77) -> 83.333333 | J79: ='g1'!I179 -> 1 | K79: ='g1'!J179 -> 2 | L79: =IF(K79,J79/K79*100,U77) -> 50 | M79: ='g1'!K179 -> 3 | N79: ='g1'!L179 -> 3 | O79: =IF(N79,M79/N79*100,U77) -> 100 | P79: ='g1'!M179 -> 0 | Q79: ='g1'!N179 -> 1 | R79: ='g1'!O179 -> 3 | S79: ='g1'!P179 -> -8 | U79: ---
A80: Average | B80: =AVERAGE(B73:B79) -> 9.7142857 | C80: =AVERAGE(C73:C79) -> 4.1428571 | D80: =AVERAGE(D73:D79) -> 2.8571429 | E80: =AVERAGE(E73:E79) -> 1.4285714 | F80: =AVERAGE(F73:F79) -> 0.14285714 | G80: =AVERAGE(G73:G79) -> 3.8571429 | H80: =AVERAGE(H73:H79) -> 8.8571429 | I80: =IF(H80,G80/H80*100,U78) -> 43.548387 | J80: =AVERAGE(J73:J79) -> 0.57142857 | K80: =AVERAGE(K73:K79) -> 2.4285714 | L80: =IF(K80,J80/K80*100,U78) -> 23.529412 | M80: =AVERAGE(M73:M79) -> 1.4285714 | N80: =AVERAGE(N73:N79) -> 1.7142857 | O80: =IF(N80,M80/N80*100,U78) -> 83.333333 | P80: =AVERAGE(P73:P79) -> 0.28571429 | Q80: =AVERAGE(Q73:Q79) -> 1.7142857 | R80: =AVERAGE(R73:R79) -> 1.5714286 | S80: =AVERAGE(S73:S79) -> -8.5714286 | U80: ---
U81: ---
U82: ---
U83: ---
U84: ---
U85: ---
A86: T.Rozier III | U86: ---
A87: game | B87: 得分 | C87: 篮板 | D87: 助攻 | E87: 盖帽 | F87: 抢断 | G87: FGM | H87: FGA | I87: FG% | J87: 3PTM | K87: 3PTA | L87: 3PT% | M87: FTM | N87: FTA | O87: FT% | P87: 进攻篮板 | Q87: 犯规 | R87: 失误 | S87: 正负值/分差 | U87: ---
A88: ='g1'!A20 -> T.Rozier III | B88: ='g1'!B20 -> 5 | C88: ='g1'!C20 -> 1 | D88: ='g1'!D20 -> 2 | E88: ='g1'!E20 -> 1 | F88: ='g1'!F20 -> 0 | G88: ='g1'!G20 -> 2 | H88: ='g1'!H20 -> 2 | I88: =IF(H88,G88/H88*100,U86) -> 100 | J88: ='g1'!I20 -> 0 | K88: ='g1'!J20 -> 0 | L88: =IF(K88,J88/K88*100,U86) -> --- | M88: ='g1'!K20 -> 1 | N88: ='g1'!L20 -> 2 | O88: =IF(N88,M88/N88*100,U86) -> 50 | P88: ='g1'!M20 -> 0 | Q88: ='g1'!N20 -> 1 | R88: ='g1'!O20 -> 2 | S88: ='g1'!P20 -> -11 | U88: ---
A89: ='g1'!A47 -> T.Rozier III | B89: ='g1'!B47 -> 11 | C89: ='g1'!C47 -> 6 | D89: ='g1'!D47 -> 2 | E89: ='g1'!E47 -> 0 | F89: ='g1'!F47 -> 0 | G89: ='g1'!G47 -> 4 | H89: ='g1'!H47 -> 10 | I89: =IF(H89,G89/H89*100,U87) -> 40 | J89: ='g1'!I47 -> 0 | K89: ='g1'!J47 -> 0 | L89: =IF(K89,J89/K89*100,U87) -> --- | M89: ='g1'!K47 -> 3 | N89: ='g1'!L47 -> 3 | O89: =IF(N89,M89/N89*100,U87) -> 100 | P89: ='g1'!M47 -> 1 | Q89: ='g1'!N47 -> 4 | R89: ='g1'!O47 -> 1 | S89: ='g1'!P47 -> -6 | U89: ---
A90: ='g1'!A74 -> T.Rozier III | B90: ='g1'!B74 -> 7 | C90: ='g1'!C74 -> 1 | D90: ='g1'!D74 -> 1 | E90: ='g1'!E74 -> 1 | F90: ='g1'!F74 -> 1 | G90: ='g1'!G74 -> 3 | H90: ='g1'!H74 -> 8 | I90: =IF(H90,G90/H90*100,U88) -> 37.5 | J90: ='g1'!I74 -> 0 | K90: ='g1'!J74 -> 0 | L90: =IF(K90,J90/K90*100,U88) -> --- | M90: ='g1'!K74 -> 1 | N90: ='g1'!L74 -> 2 | O90: =IF(N90,M90/N90*100,U88) -> 50 | P90: ='g1'!M74 -> 0 | Q90: ='g1'!N74 -> 4 | R90: ='g1'!O74 -> 0 | S90: ='g1'!P74 -> -15 | U90: ---
A91: ='g1'!A101 -> T.Rozier III | B91: ='g1'!B101 -> 14 | C91: ='g1'!C101 -> 2 | D91: ='g1'!D101 -> 3 | E91: ='g1'!E101 -> 0 | F91: ='g1'!F101 -> 1 | G91: ='g1'!G101 -> 5 | H91: ='g1'!H101 -> 7 | I91: =IF(H91,G91/H91*100,U89) -> 71.428571 | J91: ='g1'!I101 -> 0 | K91: ='g1'!J101 -> 0 | L91: =IF(K91,J91/K91*100,U89) -> --- | M91: ='g1'!K101 -> 4 | N91: ='g1'!L101 -> 5 | O91: =IF(N91,M91/N91*100,U89) -> 80 | P91: ='g1'!M101 -> 0 | Q91: ='g1'!N101 -> 3 | R91: ='g1'!O101 -> 2 | S91: ='g1'!P101 -> -3 | U91: ---
A92: ='g1'!A128 -> T.Rozier III | B92: ='g1'!B128 -> 9 | C92: ='g1'!C128 -> 3 | D92: ='g1'!D128 -> 2 | E92: ='g1'!E128 -> 1 | F92: ='g1'!F128 -> 0 | G92: ='g1'!G128 -> 3 | H92: ='g1'!H128 -> 11 | I92: =IF(H92,G92/H92*100,U90) -> 27.272727 | J92: ='g1'!I128 -> 2 | K92: ='g1'!J128 -> 4 | L92: =IF(K92,J92/K92*100,U90) -> 50 | M92: ='g1'!K128 -> 1 | N92: ='g1'!L128 -> 2 | O92: =IF(N92,M92/N92*100,U90) -> 50 | P92: ='g1'!M128 -> 0 | Q92: ='g1'!N128 -> 4 | R92: ='g1'!O128 -> 0 | S92: ='g1'!P128 -> -16 | U92: ---
A93: ='g1'!A154 -> T.Rozier III | B93: ='g1'!B154 -> 2 | C93: ='g1'!C154 -> 3 | D93: ='g1'!D154 -> 3 | E93: ='g1'!E154 -> 1 | F93: ='g1'!F154 -> 1 | G93: ='g1'!G154 -> 1 | H93: ='g1'!H154 -> 3 | I93: =IF(H93,G93/H93*100,U91) -> 33.333333 | J93: ='g1'!I154 -> 0 | K93: ='g1'!J154 -> 0 | L93: =IF(K93,J93/K93*100,U91) -> --- | M93: ='g1'!K154 -> 0 | N93: ='g1'!L154 -> 2 | O93: =IF(N93,M93/N93*100,U91) -> 0 | P93: ='g1'!M154 -> 0 | Q93: ='g1'!N154 -> 1 | R93: ='g1'!O154 -> 5 | S93: ='g1'!P154 -> -5 | U93: ---
A94: ='g1'!A180 -> T.Rozier III | B94: ='g1'!B180 -> 2 | C94: ='g1'!C180 -> 0 | D94: ='g1'!D180 -> 3 | E94: ='g1'!E180 -> 0 | F94: ='g1'!F180 -> 0 | G94: ='g1'!G180 -> 1 | H94: ='g1'!H180 -> 2 | I94: =IF(H94,G94/H94*100,U92) -> 50 | J94: ='g1'!I180 -> 0 | K94: ='g1'!J180 -> 0 | L94: =IF(K94,J94/K94*100,U92) -> --- | M94: ='g1'!K180 -> 0 | N94: ='g1'!L180 -> 0 | O94: =IF(N94,M94/N94*100,U92) -> --- | P94: ='g1'!M180 -> 0 | Q94: ='g1'!N180 -> 1 | R94: ='g1'!O180 -> 2 | S94: ='g1'!P180 -> -10 | U94: ---
A95: Average | B95: =AVERAGE(B88:B94) -> 7.1428571 | C95: =AVERAGE(C88:C94) -> 2.2857143 | D95: =AVERAGE(D88:D94) -> 2.2857143 | E95: =AVERAGE(E88:E94) -> 0.57142857 | F95: =AVERAGE(F88:F94) -> 0.42857143 | G95: =AVERAGE(G88:G94) -> 2.7142857 | H95: =AVERAGE(H88:H94) -> 6.1428571 | I95: =IF(H95,G95/H95*100,U93) -> 44.186047 | J95: =AVERAGE(J88:J94) -> 0.28571429 | K95: =AVERAGE(K88:K94) -> 0.57142857 | L95: =IF(K95,J95/K95*100,U93) -> 50 | M95: =AVERAGE(M88:M94) -> 1.4285714 | N95: =AVERAGE(N88:N94) -> 2.2857143 | O95: =IF(N95,M95/N95*100,U93) -> 62.5 | P95: =AVERAGE(P88:P94) -> 0.14285714 | Q95: =AVERAGE(Q88:Q94) -> 2.5714286 | R95: =AVERAGE(R88:R94) -> 1.7142857 | S95: =AVERAGE(S88:S94) -> -9.4285714 | U95: ---
U96: ---
U97: ---
U98: ---
U99: ---
U100: ---
...

Sheet Sheet3
A1: \ | B1: 得分 | C1: 篮板 | D1: 助攻 | E1: 盖帽 | F1: 抢断 | G1: FGM | H1: FGA | I1: FG% | J1: 3PTM | K1: 3PTA | L1: 3PT% | M1: FTM | N1: FTA | O1: FT% | P1: 进攻篮板 | Q1: 犯规 | R1: 失误 | S1: 正负值/分差
A2: CLE
A3: =Sheet2!A9 -> S.G.Alexander | B3: =Sheet2!B10 -> 39.857143 | C3: =Sheet2!C10 -> 4.4285714 | D3: =Sheet2!D10 -> 4 | E3: =Sheet2!E10 -> 1.7142857 | F3: =Sheet2!F10 -> 2 | G3: =Sheet2!G10 -> 13.285714 | H3: =Sheet2!H10 -> 23.571429 | I3: =Sheet2!I10 -> 56.363636 | ... S3: =Sheet2!S10 -> 3
A4: =Sheet2!A19 -> D.Mitchell | B4: =Sheet2!B20 -> 37.285714 | C4: =Sheet2!C20 -> 5.1428571 | D4: =Sheet2!D20 -> 7 | E4: =Sheet2!E20 -> 1.5714286 | F4: =Sheet2!F20 -> 1.7142857 | G4: =Sheet2!G20 -> 13.285714 | H4: =Sheet2!H20 -> 28.285714 | I4: =Sheet2!I20 -> 46.969697 | ... S4: =Sheet2!S20 -> 0.85714286
A5: =Sheet2!A34 -> D.Booker | B5: =Sheet2!B35 -> 24 | C5: =Sheet2!C35 -> 7.2857143 | D5: =Sheet2!D35 -> 4.5714286 | E5: =Sheet2!E35 -> 1.5714286 | F5: =Sheet2!F35 -> 0.71428571 | G5: =Sheet2!G35 -> 8.5714286 | H5: =Sheet2!H35 -> 15.285714 | I5: =Sheet2!I35 -> 56.074766 | ... S5: =Sheet2!S35 -> -1
A6: =Sheet2!A49 -> M.Robinson | B6: =Sheet2!B50 -> 18.428571 | C6: =Sheet2!C50 -> 10.285714 | D6: =Sheet2!D50 -> 5.7142857 | E6: =Sheet2!E50 -> 3.8571429 | F6: =Sheet2!F50 -> 0.57142857 | G6: =Sheet2!G50 -> 6.5714286 | H6: =Sheet2!H50 -> 12 | I6: =Sheet2!I50 -> 54.761905 | ... S6: =Sheet2!S50 -> 0
A7: =Sheet2!A64 -> W.Chamberlain | B7: =Sheet2!B65 -> 6.5714286 | C7: =Sheet2!C65 -> 9.8571429 | D7: =Sheet2!D65 -> 3.2857143 | E7: =Sheet2!E65 -> 4.4285714 | F7: =Sheet2!F65 -> 0.85714286 | G7: =Sheet2!G65 -> 3.1428571 | H7: =Sheet2!H65 -> 4.8571429 | I7: =Sheet2!I65 -> 64.705882 | ... S7: =Sheet2!S65 -> 0.14285714
A8: =Sheet2!A79 -> J.Brown | B8: =Sheet2!B80 -> 9.7142857 | C8: =Sheet2!C80 -> 4.1428571 | D8: =Sheet2!D80 -> 2.8571429 | E8: =Sheet2!E80 -> 1.4285714 | F8: =Sheet2!F80 -> 0.14285714 | G8: =Sheet2!G80 -> 3.8571429 | H8: =Sheet2!H80 -> 8.8571429 | I8: =Sheet2!I80 -> 43.548387 | ... S8: =Sheet2!S80 -> -8.5714286
A9: =Sheet2!A94 -> T.Rozier III | B9: =Sheet2!B95 -> 7.1428571 | C9: =Sheet2!C95 -> 2.2857143 | D9: =Sheet2!D95 -> 2.2857143 | E9: =Sheet2!E95 -> 0.57142857 | F9: =Sheet2!F95 -> 0.42857143 | G9: =Sheet2!G95 -> 2.7142857 | H9: =Sheet2!H95 -> 6.1428571 | I9: =Sheet2!I95 -> 44.186047 | ... S9: =Sheet2!S95 -> -9.4285714
A10: =Sheet2!A109 -> M.Wagner | B10: =Sheet2!B110 -> 6.7142857 | C10: =Sheet2!C110 -> 3.2857143 | D10: =Sheet2!D110 -> 0.71428571 | E10: =Sheet2!E110 -> 0.71428571 | F10: =Sheet2!F110 -> 0 | G10: =Sheet2!G110 -> 2.5714286 | H10: =Sheet2!H110 -> 3.7142857 | I10: =Sheet2!I110 -> 69.230769 | ... S10: =Sheet2!S110 -> -4.4285714
A11: =Sheet2!A124 -> E.Schmidt | B11: =Sheet2!B125 -> 5 | C11: =Sheet2!C125 -> 0.71428571 | D11: =Sheet2!D125 -> 3.5714286 | E11: =Sheet2!E125 -> 0.14285714 | F11: =Sheet2!F125 -> 0.28571429 | G11: =Sheet2!G125 -> 1.4285714 | H11: =Sheet2!H125 -> 2.5714286 | I11: =Sheet2!I125 -> 55.555556 | ... S11: =Sheet2!S125 -> 0.42857143
A12: =Sheet2!A266 -> CLE总计 | B12: =Sheet2!B275 -> 155.71429 | C12: =Sheet2!C275 -> 48.285714 | D12: =Sheet2!D275 -> 34.571429 | E12: =Sheet2!E275 -> 16.285714 | F12: =Sheet2!F275 -> 6.7142857 | G12: =Sheet2!G275 -> 55.857143 | H12: =Sheet2!H275 -> 107 | I12: =Sheet2!I275 -> 52.202937 | ... S12: =Sheet2!S275 -> -1.7142857
A13: NO
A14: =Sheet2!A139 -> Lonzo Ball | B14: =Sheet2!B140 -> 25.714286 | C14: =Sheet2!C140 -> 4.8571429 | D14: =Sheet2!D140 -> 9.7142857 | E14: =Sheet2!E140 -> 2.7142857 | F14: =Sheet2!F140 -> 1.5714286 | G14: =Sheet2!G140 -> 10.714286 | H14: =Sheet2!H140 -> 21.714286 | I14: =Sheet2!I140 -> 49.342105 | ... S14: =Sheet2!S140 -> 4.8571429
A15: =Sheet2!A154 -> N.A.Walker | B15: =Sheet2!B155 -> 30 | C15: =Sheet2!C155 -> 5.4285714 | D15: =Sheet2!D155 -> 5.5714286 | E15: =Sheet2!E155 -> 1.5714286 | F15: =Sheet2!F155 -> 1.1428571 | G15: =Sheet2!G155 -> 11.857143 | H15: =Sheet2!H155 -> 20.142857 | I15: =Sheet2!I155 -> 58.865248 | ... S15: =Sheet2!S155 -> 4.1428571
A16: =Sheet2!A169 -> B.Ingram | B16: =Sheet2!B170 -> 21.714286 | C16: =Sheet2!C170 -> 5.8571429 | D16: =Sheet2!D170 -> 10 | E16: =Sheet2!E170 -> 1 | F16: =Sheet2!F170 -> 1.1428571 | G16: =Sheet2!G170 -> 8.5714286 | H16: =Sheet2!H170 -> 16.428571 | I16: =Sheet2!I170 -> 52.173913 | ... S16: =Sheet2!S170 -> -0.28571429
A17: =Sheet2!A184 -> Z.Williamson | B17: =Sheet2!B185 -> 12.285714 | C17: =Sheet2!C185 -> 8.8571429 | D17: =Sheet2!D185 -> 2.8571429 | E17: =Sheet2!E185 -> 1.1428571 | F17: =Sheet2!F185 -> 1.7142857 | G17: =Sheet2!G185 -> 5.4285714 | H17: =Sheet2!H185 -> 11.571429 | I17: =Sheet2!I185 -> 46.91358 | ... S17: =Sheet2!S185 -> 6.1428571
A18: =Sheet2!A199 -> A.Drummond | B18: =Sheet2!B200 -> 21 | C18: =Sheet2!C200 -> 19.142857 | D18: =Sheet2!D200 -> 2.4285714 | E18: =Sheet2!E200 -> 0.57142857 | F18: =Sheet2!F200 -> 1.8571429 | G18: =Sheet2!G200 -> 9.8571429 | H18: =Sheet2!H200 -> 14.714286 | I18: =Sheet2!I200 -> 66.990291 | ... S18: =Sheet2!S200 -> 1
A19: =Sheet2!A214 -> J.Holiday | B19: =Sheet2!B215 -> 21.571429 | C19: =Sheet2!C215 -> 3.1428571 | D19: =Sheet2!D215 -> 4 | E19: =Sheet2!E215 -> 0.57142857 | F19: =Sheet2!F215 -> 1.8571429 | G19: =Sheet2!G215 -> 8.5714286 | H19: =Sheet2!H215 -> 16.714286 | I19: =Sheet2!I215 -> 51.282051 | ... S19: =Sheet2!S215 -> 2
A20: =Sheet2!A229 -> S.Mcdaniels | B20: =Sheet2!B230 -> 10 | C20: =Sheet2!C230 -> 1.8571429 | D20: =Sheet2!D230 -> 3.8571429 | E20: =Sheet2!E230 -> 0 | F20: =Sheet2!F230 -> 0.85714286 | G20: =Sheet2!G230 -> 3.8571429 | H20: =Sheet2!H230 -> 7.8571429 | I20: =Sheet2!I230 -> 49.090909 | ... S20: =Sheet2!S230 -> 0.71428571
A21: =Sheet2!A244 -> J.Hart | B21: =Sheet2!B245 -> 7.1428571 | C21: =Sheet2!C245 -> 1.1428571 | D21: =Sheet2!D245 -> 1.2857143 | E21: =Sheet2!E245 -> 0.28571429 | F21: =Sheet2!F245 -> 0.42857143 | G21: =Sheet2!G245 -> 2.8571429 | H21: =Sheet2!H245 -> 6 | I21: =Sheet2!I245 -> 47.619048 | ... S21: =Sheet2!S245 -> 1.5714286
A22: =Sheet2!A259 -> D.Gallinari | B22: =Sheet2!B260 -> 4.8571429 | C22: =Sheet2!C260 -> 2.4285714 | D22: =Sheet2!D260 -> 1.1428571 | E22: =Sheet2!E260 -> 0.85714286 | F22: =Sheet2!F260 -> 1 | G22: =Sheet2!G260 -> 1.8571429 | H22: =Sheet2!H260 -> 4.7142857 | I22: =Sheet2!I260 -> 39.393939 | ... S22: =Sheet2!S260 -> 0.14285714
A23: =Sheet2!A281 -> NO总计 | B23: =Sheet2!B290 -> 157.42857 | C23: =Sheet2!C290 -> 55.714286 | D23: =Sheet2!D290 -> 41.142857 | E23: =Sheet2!E290 -> 8.8571429 | F23: =Sheet2!F290 -> 12.857143 | G23: =Sheet2!G290 -> 64.857143 | H23: =Sheet2!H290 -> 123.57143 | I23: =Sheet2!I290 -> 52.485549 | ... S23: =Sheet2!S290 -> 1.7142857
